DELETE FROM catalog_media;
DELETE FROM media_library;
DELETE FROM catalog_items;
INSERT OR REPLACE INTO catalog_items (id, type, name, slug, categories, gender, styles, motifs, metals, stone_types, design_code, cut, clarity, color, is_active, is_featured, tags, created_at, updated_at) VALUES ('hw-001', 'product', 'Signature - Legacy', 'legacy-band', '["men/bands"]', NULL, NULL, NULL, '["18k Yellow Gold","18K White Gold","14K Yellow Gold","14K WhiteGold"]', '["Natural Diamond","Lab Grown Diamond"]', 'Signature', 'IDEAL|EXCELLENT', 'IF-VVS|VS|SI', 'E|F|G|H', 1, 0, '["band"]', datetime('now'), datetime('now'));
INSERT OR REPLACE INTO catalog_items (id, type, name, slug, categories, gender, styles, motifs, metals, stone_types, design_code, cut, clarity, color, is_active, is_featured, tags, created_at, updated_at) VALUES ('hms-001', 'product', 'Axis - Apex', 'hms-001', '["men/sets"]', NULL, NULL, NULL, '["18k Yellow Gold","18K White Gold","14K Yellow Gold","14K WhiteGold"]', '["Natural Diamond","Lab Grown Diamond"]', 'Axis', 'IDEAL|EXCELLENT', 'IF-VVS|VS|SI', 'E|F|G|H', 1, 1, '["design-code"]', datetime('now'), datetime('now'));
INSERT OR REPLACE INTO catalog_items (id, type, name, slug, categories, gender, styles, motifs, metals, stone_types, design_code, cut, clarity, color, is_active, is_featured, tags, created_at, updated_at) VALUES ('hms-002', 'product', 'Eclipse - Sovereign', 'hms-002', '["men/sets"]', NULL, NULL, NULL, '["18k Yellow Gold","18K White Gold","14K Yellow Gold","14K WhiteGold"]', '["Natural Diamond","Lab Grown Diamond"]', 'Eclipse', 'IDEAL|EXCELLENT', 'IF-VVS|VS|SI', 'E|F|G|H', 1, 1, '["design-code"]', datetime('now'), datetime('now'));
INSERT OR REPLACE INTO catalog_items (id, type, name, slug, categories, gender, styles, motifs, metals, stone_types, design_code, cut, clarity, color, is_active, is_featured, tags, created_at, updated_at) VALUES ('hw-003', 'product', 'Solitaire Diamond Pendant', 'solitaire-pendant', '["women/pendants"]', 'women', '["Solitaire"]', '["Wedding/Engagement"]', '["18k Yellow Gold","18K White Gold","14K Yellow Gold","14K WhiteGold"]', '["Natural Diamond","Lab Grown Diamond"]', 'Signature', 'IDEAL|EXCELLENT', 'IF-VVS|VS|SI', 'E|F|G|H', 1, 0, '["pendant"]', datetime('now'), datetime('now'));
INSERT OR REPLACE INTO catalog_items (id, type, name, slug, categories, gender, styles, motifs, metals, stone_types, design_code, cut, clarity, color, is_active, is_featured, tags, created_at, updated_at) VALUES ('hwp-001', 'product', 'Axis Emblem Pendant', 'axis-emblem-pendant', '["unisex/pendants"]', NULL, NULL, NULL, '["18k Yellow Gold","18K White Gold","14K Yellow Gold","14K WhiteGold"]', '["Natural Diamond","Lab Grown Diamond"]', 'Axis', 'IDEAL|EXCELLENT', 'IF-VVS|VS|SI', 'E|F|G|H', 1, 1, '["pendant"]', datetime('now'), datetime('now'));
INSERT OR REPLACE INTO catalog_items (id, type, name, slug, categories, gender, styles, motifs, metals, stone_types, design_code, cut, clarity, color, is_active, is_featured, tags, created_at, updated_at) VALUES ('hwp-002', 'product', 'Axis Meridian Pendant', 'axis-meridian-pendant', '["unisex/pendants"]', NULL, NULL, NULL, '["18k Yellow Gold","18K White Gold","14K Yellow Gold","14K WhiteGold"]', '["Natural Diamond","Lab Grown Diamond"]', 'Axis', 'IDEAL|EXCELLENT', 'IF-VVS|VS|SI', 'E|F|G|H', 1, 0, '["design-code","unisex","daily"]', datetime('now'), datetime('now'));
INSERT OR REPLACE INTO catalog_items (id, type, name, slug, categories, gender, styles, motifs, metals, stone_types, design_code, cut, clarity, color, is_active, is_featured, tags, created_at, updated_at) VALUES ('hw-002', 'product', 'Azure Solitaire', 'azure-solitaire', '["women/rings"]', 'women', '["Solitaire"]', '["Wedding/Engagement"]', '["18k Yellow Gold","18K White Gold","14K Yellow Gold","14K WhiteGold"]', '["Natural Diamond","Lab Grown Diamond"]', 'Signature', 'IDEAL|EXCELLENT', 'IF-VVS|VS|SI', 'E|F|G|H', 1, 0, '["diamond"]', datetime('now'), datetime('now'));
INSERT OR REPLACE INTO catalog_items (id, type, name, slug, categories, gender, styles, motifs, metals, stone_types, design_code, cut, clarity, color, is_active, is_featured, tags, created_at, updated_at) VALUES ('hws-001', 'product', 'Eclipse - Twist', 'hws-001', '["women/sets"]', NULL, NULL, NULL, '["18k Yellow Gold","18K White Gold","14K Yellow Gold","14K WhiteGold"]', '["Natural Diamond","Lab Grown Diamond"]', 'Eclipse', 'IDEAL|EXCELLENT', 'IF-VVS|VS|SI', 'E|F|G|H', 1, 1, '["design-code"]', datetime('now'), datetime('now'));
INSERT OR REPLACE INTO catalog_items (id, type, name, slug, categories, gender, styles, motifs, metals, stone_types, design_code, cut, clarity, color, is_active, is_featured, tags, created_at, updated_at) VALUES ('hws-002', 'product', 'Continuum - Aurelia Flow', 'hws-002', '["women/sets"]', NULL, NULL, NULL, '["18k Yellow Gold","18K White Gold","14K Yellow Gold","14K WhiteGold"]', '["Natural Diamond","Lab Grown Diamond"]', 'Continuum', 'IDEAL|EXCELLENT', 'IF-VVS|VS|SI', 'E|F|G|H', 1, 1, '["design-code"]', datetime('now'), datetime('now'));
INSERT OR REPLACE INTO catalog_items (id, type, name, slug, categories, gender, styles, motifs, metals, stone_types, design_code, cut, clarity, color, is_active, is_featured, tags, created_at, updated_at) VALUES ('hws-003', 'product', 'Axis - Poise', 'hws-003', '["women/sets"]', NULL, NULL, NULL, '["18k Yellow Gold","18K White Gold","14K Yellow Gold","14K WhiteGold"]', '["Natural Diamond","Lab Grown Diamond"]', 'Axis', 'IDEAL|EXCELLENT', 'IF-VVS|VS|SI', 'E|F|G|H', 1, 1, '["design-code"]', datetime('now'), datetime('now'));
INSERT OR REPLACE INTO catalog_items (id, type, name, slug, categories, gender, styles, motifs, metals, stone_types, design_code, cut, clarity, color, is_active, is_featured, tags, created_at, updated_at) VALUES ('hws-004', 'product', 'Continuum - Elan Drop', 'pear-symmetry', '["women/sets"]', NULL, NULL, NULL, '["18k Yellow Gold","18K White Gold","14K Yellow Gold","14K WhiteGold"]', '["Natural Diamond","Lab Grown Diamond"]', 'Continuum', 'IDEAL|EXCELLENT', 'IF-VVS|VS|SI', 'E|F|G|H', 1, 1, '["design-code"]', datetime('now'), datetime('now'));
INSERT OR REPLACE INTO catalog_items (id, type, name, slug, categories, gender, styles, motifs, metals, stone_types, design_code, cut, clarity, color, is_active, is_featured, tags, created_at, updated_at) VALUES ('hws-005', 'product', 'Axis - Equilibria', 'axis-equilibria', '["women/sets"]', NULL, NULL, NULL, '["18k Yellow Gold","18K White Gold","14K Yellow Gold","14K WhiteGold"]', '["Natural Diamond","Lab Grown Diamond"]', 'Axis', 'IDEAL|EXCELLENT', 'IF-VVS|VS|SI', 'E|F|G|H', 1, 1, '["design-code"]', datetime('now'), datetime('now'));
INSERT OR REPLACE INTO catalog_items (id, type, name, slug, categories, gender, styles, motifs, metals, stone_types, design_code, cut, clarity, color, is_active, is_featured, tags, created_at, updated_at) VALUES ('hws-006', 'product', 'Continuum - Solitaire', 'continuum-solitaire', '["women/sets"]', NULL, NULL, NULL, '["18k Yellow Gold","18K White Gold","14K Yellow Gold","14K WhiteGold"]', '["Natural Diamond","Lab Grown Diamond"]', 'Continuum', 'IDEAL|EXCELLENT', 'IF-VVS|VS|SI', 'E|F|G|H', 1, 1, '["design-code"]', datetime('now'), datetime('now'));
INSERT OR REPLACE INTO catalog_items (id, type, name, slug, categories, gender, styles, motifs, metals, stone_types, design_code, cut, clarity, color, is_active, is_featured, tags, created_at, updated_at) VALUES ('hws-007', 'product', 'Continuum - Helix', 'continuum-helix', '["women/sets"]', NULL, NULL, NULL, '["18k Yellow Gold","18K White Gold","14K Yellow Gold","14K WhiteGold"]', '["Natural Diamond","Lab Grown Diamond"]', 'Continuum', 'IDEAL|EXCELLENT', 'IF-VVS|VS|SI', 'E|F|G|H', 1, 1, '["design-code"]', datetime('now'), datetime('now'));
INSERT OR REPLACE INTO catalog_items (id, type, name, slug, categories, gender, styles, motifs, metals, stone_types, design_code, cut, clarity, color, is_active, is_featured, tags, created_at, updated_at) VALUES ('hws-008', 'product', 'Eclipse - Ascende', 'eclipse-ascende', '["women/sets"]', NULL, NULL, NULL, '["18k Yellow Gold","18K White Gold","14K Yellow Gold","14K WhiteGold"]', '["Natural Diamond","Lab Grown Diamond"]', 'Eclipse', 'IDEAL|EXCELLENT', 'IF-VVS|VS|SI', 'E|F|G|H', 1, 1, '["design-code"]', datetime('now'), datetime('now'));
INSERT OR REPLACE INTO catalog_items (id, type, name, slug, categories, gender, styles, motifs, metals, stone_types, design_code, cut, clarity, color, is_active, is_featured, tags, created_at, updated_at) VALUES ('insp-0008', 'inspiration', 'Chevron Laurel Collar', 'chevron-laurel-collar', '["set"]', 'female', '["Axis"]', '["Axis-like","Chevron","Leaf","Articulated"]', '["18k Yellow Gold","18K White Gold","14K Yellow Gold","14K WhiteGold"]', '["Natural Diamond","Lab Grown Diamond"]', NULL, 'IDEAL|EXCELLENT', 'IF-VVS|VS|SI', 'E|F|G|H', 0, 0, '["chevron","laurel","articulated","refined"]', datetime('now'), datetime('now'));
INSERT OR REPLACE INTO catalog_items (id, type, name, slug, categories, gender, styles, motifs, metals, stone_types, design_code, cut, clarity, color, is_active, is_featured, tags, created_at, updated_at) VALUES ('insp-0009', 'inspiration', 'Studded Velocity Collar', 'studded-velocity-collar', '["set"]', 'female', '["Eclipse"]', '["Eclipse-like","Studded","Geometric","Architectural"]', '["18k Yellow Gold","18K White Gold","14K Yellow Gold","14K WhiteGold"]', '["Natural Diamond","Lab Grown Diamond"]', NULL, 'IDEAL|EXCELLENT', 'IF-VVS|VS|SI', 'E|F|G|H', 0, 0, '["bold","sculptural","rhythmic","assertive"]', datetime('now'), datetime('now'));
INSERT OR REPLACE INTO catalog_items (id, type, name, slug, categories, gender, styles, motifs, metals, stone_types, design_code, cut, clarity, color, is_active, is_featured, tags, created_at, updated_at) VALUES ('insp-0003', 'inspiration', 'Spiral Continuum', 'spiral-continuum', '["set"]', 'female', '["Continuum"]', '["Continuum-like","Spiral","Flowing"]', '["18k Yellow Gold","18K White Gold","14K Yellow Gold","14K WhiteGold"]', '["Natural Diamond","Lab Grown Diamond"]', NULL, 'IDEAL|EXCELLENT', 'IF-VVS|VS|SI', 'E|F|G|H', 0, 0, '["spiral","fluid","luminous"]', datetime('now'), datetime('now'));
INSERT OR REPLACE INTO catalog_items (id, type, name, slug, categories, gender, styles, motifs, metals, stone_types, design_code, cut, clarity, color, is_active, is_featured, tags, created_at, updated_at) VALUES ('insp-0006', 'inspiration', 'Axis Lumina Set', 'axis-lumina-set', '["set"]', 'female', '["Axis"]', '["Axis-like","Balanced","Refined"]', '["18k Yellow Gold","18K White Gold","14K Yellow Gold","14K WhiteGold"]', '["Natural Diamond","Lab Grown Diamond"]', NULL, 'IDEAL|EXCELLENT', 'IF-VVS|VS|SI', 'E|F|G|H', 0, 0, '["axis","balanced","luminous","feminine"]', datetime('now'), datetime('now'));
INSERT OR REPLACE INTO catalog_items (id, type, name, slug, categories, gender, styles, motifs, metals, stone_types, design_code, cut, clarity, color, is_active, is_featured, tags, created_at, updated_at) VALUES ('insp-0005', 'inspiration', 'Axis Forge Bracelet', 'axis-forge-bracelet', '["bracelet"]', 'male', '["Axis"]', '["Axis-like","Linear","Structured"]', '["18k Yellow Gold","18K White Gold","14K Yellow Gold","14K WhiteGold"]', '["Natural Diamond","Lab Grown Diamond"]', NULL, 'IDEAL|EXCELLENT', 'IF-VVS|VS|SI', 'E|F|G|H', 0, 0, '["axis","linear","balanced","masculine"]', datetime('now'), datetime('now'));
INSERT OR REPLACE INTO catalog_items (id, type, name, slug, categories, gender, styles, motifs, metals, stone_types, design_code, cut, clarity, color, is_active, is_featured, tags, created_at, updated_at) VALUES ('insp-0004', 'inspiration', 'Spiral Reverie Set', 'spiral-reverie-set', '["set"]', 'female', '["Continuum"]', '["Continuum-like","Spiral","Flowing"]', '["18k Yellow Gold","18K White Gold","14K Yellow Gold","14K WhiteGold"]', '["Natural Diamond","Lab Grown Diamond"]', NULL, 'IDEAL|EXCELLENT', 'IF-VVS|VS|SI', 'E|F|G|H', 0, 0, '["spiral","cascading","sensual"]', datetime('now'), datetime('now'));
INSERT OR REPLACE INTO catalog_items (id, type, name, slug, categories, gender, styles, motifs, metals, stone_types, design_code, cut, clarity, color, is_active, is_featured, tags, created_at, updated_at) VALUES ('insp-0007', 'inspiration', 'Regal Filigree Cascade', 'regal-filigree-cascade', '["set"]', 'female', '["Continuum"]', '["Continuum-like","Filigree","Pear Drop","Ornamental"]', '["18k Yellow Gold","18K White Gold","14K Yellow Gold","14K WhiteGold"]', '["Natural Diamond","Lab Grown Diamond"]', NULL, 'IDEAL|EXCELLENT', 'IF-VVS|VS|SI', 'E|F|G|H', 0, 0, '["ornate","filigree","ceremonial","luxurious"]', datetime('now'), datetime('now'));
INSERT OR REPLACE INTO catalog_items (id, type, name, slug, categories, gender, styles, motifs, metals, stone_types, design_code, cut, clarity, color, is_active, is_featured, tags, created_at, updated_at) VALUES ('insp-0002', 'inspiration', 'Luminous Orbit Set', 'luminous-orbit-set', '["set"]', 'unisex', '["Continuum"]', '["Continuum-like","Circular","Flowing"]', '["18k Yellow Gold","18K White Gold","14K Yellow Gold","14K WhiteGold"]', '["Natural Diamond","Lab Grown Diamond"]', NULL, 'IDEAL|EXCELLENT', 'IF-VVS|VS|SI', 'E|F|G|H', 0, 0, '["luminous","circular","elegant"]', datetime('now'), datetime('now'));
INSERT OR REPLACE INTO catalog_items (id, type, name, slug, categories, gender, styles, motifs, metals, stone_types, design_code, cut, clarity, color, is_active, is_featured, tags, created_at, updated_at) VALUES ('insp-0001', 'inspiration', 'Regal Orbit Cascade', 'regal-orbit-cascade', '["set"]', 'unisex', '["Modern"]', '["Continuum-like","Halo","Pear Drop","Station"]', '["18k Yellow Gold","18K White Gold","14K Yellow Gold","14K WhiteGold"]', '["Natural Diamond","Lab Grown Diamond"]', NULL, 'IDEAL|EXCELLENT', 'IF-VVS|VS|SI', 'E|F|G|H', 0, 0, '["heirloom-modern","halo-stations","pear-drop","formal"]', datetime('now'), datetime('now'));
INSERT OR REPLACE INTO catalog_items (id, type, name, slug, categories, gender, styles, motifs, metals, stone_types, design_code, cut, clarity, color, is_active, is_featured, tags, created_at, updated_at) VALUES ('insp-0010', 'inspiration', 'Convergence Axis Set', 'convergence-axis-set', '["set"]', 'female', '["Axis"]', '["Axis-like","Crossover","Convergence","Fluid Geometry"]', '["18k Yellow Gold","18K White Gold","14K Yellow Gold","14K WhiteGold"]', '["Natural Diamond","Lab Grown Diamond"]', NULL, 'IDEAL|EXCELLENT', 'IF-VVS|VS|SI', 'E|F|G|H', 0, 0, '["modern-elegance","crossover-flow","architectural","balanced"]', datetime('now'), datetime('now'));
INSERT OR REPLACE INTO media_library (media_id, url, media_type, label, alt, description, created_at) VALUES ('hero-angle-1-mkp1uwxw', 'https://pub-0758b0d6fde14b47943c5b58be0ca424.r2.dev/media/library/hero-angle-1-mkp1uwxw.png', 'image', 'Hero angle 1', 'Model wearing diamond jutted gold pendant, earring and bracelet jewelry', NULL, '2026-01-22T06:07:13.595Z');
INSERT OR REPLACE INTO media_library (media_id, url, media_type, label, alt, description, created_at) VALUES ('hero_chevron-laurel-collar', '/images/inspirations/insp-0008.jpeg', 'image', 'Hero', NULL, NULL, datetime('now'));
INSERT OR REPLACE INTO media_library (media_id, url, media_type, label, alt, description, created_at) VALUES ('hero_studded-velocity-collar', '/images/inspirations/insp-0009.jpeg', 'image', 'Hero', NULL, NULL, datetime('now'));
INSERT OR REPLACE INTO media_library (media_id, url, media_type, label, alt, description, created_at) VALUES ('hero_spiral-continuum', '/images/inspirations/insp-0003.jpeg', 'image', 'Hero', NULL, NULL, datetime('now'));
INSERT OR REPLACE INTO media_library (media_id, url, media_type, label, alt, description, created_at) VALUES ('hero_axis-lumina-set', '/images/inspirations/insp-0006.png', 'image', 'Hero', NULL, NULL, datetime('now'));
INSERT OR REPLACE INTO media_library (media_id, url, media_type, label, alt, description, created_at) VALUES ('hero_axis-forge-bracelet', '/images/inspirations/insp-0005.png', 'image', 'Hero', NULL, NULL, datetime('now'));
INSERT OR REPLACE INTO media_library (media_id, url, media_type, label, alt, description, created_at) VALUES ('hero_spiral-reverie-set', '/images/inspirations/insp-0004.png', 'image', 'Hero', NULL, NULL, datetime('now'));
INSERT OR REPLACE INTO media_library (media_id, url, media_type, label, alt, description, created_at) VALUES ('hero_regal-filigree-cascade', '/images/inspirations/insp-0007.png', 'image', 'Hero', NULL, NULL, datetime('now'));
INSERT OR REPLACE INTO media_library (media_id, url, media_type, label, alt, description, created_at) VALUES ('hero_luminous-orbit-set', '/images/inspirations/insp-0002.jpeg', 'image', 'Hero', NULL, NULL, datetime('now'));
INSERT OR REPLACE INTO media_library (media_id, url, media_type, label, alt, description, created_at) VALUES ('hero_regal-orbit-cascade', '/images/inspirations/insp-0001.jpeg', 'image', 'Hero', NULL, NULL, datetime('now'));
INSERT OR REPLACE INTO media_library (media_id, url, media_type, label, alt, description, created_at) VALUES ('hero_convergence-axis-set', '/images/inspirations/insp-0010.png', 'image', 'Hero', NULL, NULL, datetime('now'));
INSERT OR REPLACE INTO catalog_media (catalog_id, media_id, position, is_primary, sort_order) VALUES ('hws-003', 'hero-angle-1-mkp1uwxw', 'hero/gallery/detail', 1, 1);
INSERT OR REPLACE INTO catalog_media (catalog_id, media_id, position, is_primary, sort_order) VALUES ('insp-0008', 'hero_chevron-laurel-collar', 'hero', 1, 0);
INSERT OR REPLACE INTO catalog_media (catalog_id, media_id, position, is_primary, sort_order) VALUES ('insp-0009', 'hero_studded-velocity-collar', 'hero', 1, 0);
INSERT OR REPLACE INTO catalog_media (catalog_id, media_id, position, is_primary, sort_order) VALUES ('insp-0003', 'hero_spiral-continuum', 'hero', 1, 0);
INSERT OR REPLACE INTO catalog_media (catalog_id, media_id, position, is_primary, sort_order) VALUES ('insp-0006', 'hero_axis-lumina-set', 'hero', 1, 0);
INSERT OR REPLACE INTO catalog_media (catalog_id, media_id, position, is_primary, sort_order) VALUES ('insp-0005', 'hero_axis-forge-bracelet', 'hero', 1, 0);
INSERT OR REPLACE INTO catalog_media (catalog_id, media_id, position, is_primary, sort_order) VALUES ('insp-0004', 'hero_spiral-reverie-set', 'hero', 1, 0);
INSERT OR REPLACE INTO catalog_media (catalog_id, media_id, position, is_primary, sort_order) VALUES ('insp-0007', 'hero_regal-filigree-cascade', 'hero', 1, 0);
INSERT OR REPLACE INTO catalog_media (catalog_id, media_id, position, is_primary, sort_order) VALUES ('insp-0002', 'hero_luminous-orbit-set', 'hero', 1, 0);
INSERT OR REPLACE INTO catalog_media (catalog_id, media_id, position, is_primary, sort_order) VALUES ('insp-0001', 'hero_regal-orbit-cascade', 'hero', 1, 0);
INSERT OR REPLACE INTO catalog_media (catalog_id, media_id, position, is_primary, sort_order) VALUES ('insp-0010', 'hero_convergence-axis-set', 'hero', 1, 0);